{
  "main": {
    "id": "a706f767de2ef2fd",
    "type": "split",
    "children": [
      {
        "id": "c59e76988d35d8e7",
        "type": "tabs",
        "children": [
          {
            "id": "52dc99f4b82e4d14",
            "type": "leaf",
            "state": {
              "type": "empty",
              "state": {}
            }
          }
        ]
      }
    ],
    "direction": "vertical"
  },
  "left": {
    "id": "c6725902321e48cb",
    "type": "split",
    "children": [
      {
        "id": "7c2eea7fa1bdc53d",
        "type": "tabs",
        "children": [
          {
            "id": "7efd7e276369c369",
            "type": "leaf",
            "state": {
              "type": "file-explorer",
              "state": {
                "sortOrder": "alphabetical"
              }
            }
          },
          {
            "id": "cafece219ce5ec77",
            "type": "leaf",
            "state": {
              "type": "search",
              "state": {
                "query": "",
                "matchingCase": false,
                "explainSearch": false,
                "collapseAll": false,
                "extraContext": false,
                "sortOrder": "alphabetical"
              }
            }
          },
          {
            "id": "a12aa71d743a1d81",
            "type": "leaf",
            "state": {
              "type": "bookmarks",
              "state": {}
            }
          }
        ]
      }
    ],
    "direction": "horizontal",
    "width": 300,
    "collapsed": true
  },
  "right": {
    "id": "45e8a36e92ba0b6a",
    "type": "split",
    "children": [
      {
        "id": "8827b631b2024693",
        "type": "tabs",
        "children": [
          {
            "id": "7e94b1c35bd58599",
            "type": "leaf",
            "state": {
              "type": "backlink",
              "state": {
                "collapseAll": false,
                "extraContext": false,
                "sortOrder": "alphabetical",
                "showSearch": false,
                "searchQuery": "",
                "backlinkCollapsed": false,
                "unlinkedCollapsed": true
              }
            }
          },
          {
            "id": "d603b91114b93f93",
            "type": "leaf",
            "state": {
              "type": "outgoing-link",
              "state": {
                "linksCollapsed": false,
                "unlinkedCollapsed": true
              }
            }
          },
          {
            "id": "04d975f6300e251a",
            "type": "leaf",
            "state": {
              "type": "tag",
              "state": {
                "sortOrder": "frequency",
                "useHierarchy": true
              }
            }
          },
          {
            "id": "d5d6e9a7d39d1faa",
            "type": "leaf",
            "state": {
              "type": "outline",
              "state": {}
            }
          }
        ]
      }
    ],
    "direction": "horizontal",
    "width": 300,
    "collapsed": true
  },
  "left-ribbon": {
    "hiddenItems": {
      "switcher:Open quick switcher": false,
      "graph:Open graph view": false,
      "canvas:Create new canvas": false,
      "daily-notes:Open today's daily note": false,
      "templates:Insert template": false,
      "command-palette:Open command palette": false
    }
  },
  "active": "52dc99f4b82e4d14",
  "lastOpenFiles": [
    "README.md",
    "screenshot/Pasted image 20231216090016.png",
    "screenshot/Pasted image 20231216090012.png",
    "CVE-2023-26035/exploit.py",
    "CVE-2023-26035/README.md",
    "CVE-2023-26035",
    "screenshot/Pasted image 20231216085019.png",
    "linpeas.sh",
    "screenshot/Pasted image 20231215151942.png",
    "screenshot/Pasted image 20231215151824.png",
    "hash",
    "screenshot/Pasted image 20231215123241.png",
    "screenshot/Pasted image 20231215123031.png",
    "screenshot/Pasted image 20231215123003.png",
    "surveillance--2023-10-17-202801--v4.4.14.sql",
    "surveillance--2023-10-17-202801--v4.4.14.sql.zip",
    "screenshot/Pasted image 20231215114317.png",
    "screenshot/Pasted image 20231215114254.png",
    "rev.php",
    "rev.sh",
    "rev.shell",
    "51313.txt",
    "python-ldap/SECURITY.md",
    "nginx-ldap-auth/t/README.md",
    "nginx-ldap-auth/README.md",
    "nginx-ldap-auth/CODE_OF_CONDUCT.md",
    "test.md"
  ]
}